{"train/episodes":58.25889141652333,"train/epochs":2.7742329245963493,"train/loss":0.21919243037700653,"train/dataloading_s":0.002611448704265058,"_timestamp":1.7650259128605201e+09,"train/lr":2.5000000000000053e-06,"train/samples":100000,"train/update_s":0.25722273107618093,"_wandb":{"runtime":25041},"train/steps":100000,"_runtime":25041.732777446,"_step":100000,"train/grad_norm":2.7836856871843336}