{"_runtime":11515.707571813,"train/epochs":1.3871164622981746,"train/steps":50000,"train/loss":0.1568497270345688,"train/samples":50000,"train/lr":2.5000000000000053e-06,"train/episodes":29.129445708261667,"_wandb":{"runtime":11515},"_step":50000,"_timestamp":1.765010192702714e+09,"train/update_s":0.23121884719934316,"train/grad_norm":1.9207680371403695,"train/dataloading_s":0.002592325056903064}