{"train/loss":0.04179367795586586,"_wandb":{"runtime":11413},"_runtime":11413.385068635,"train/grad_norm":0.9130645236372947,"train/episodes":131.31313131313132,"train/dataloading_s":0.0021667187521234154,"train/steps":50000,"train/epochs":2.525252525252525,"train/samples":50000,"train/update_s":0.21344992483966052,"train/lr":2.5000000000000053e-06,"_step":50000,"_timestamp":1.7649637721183586e+09}